Customer Account Name,Opportunities Opportunity Created Date,Accounts Salesforce Account ID,Customer Account Toast Guid,Opportunities Total Software ARR,Opportunity Line Item Hardware Value,Passed Auto GIACT,Failed Auto GIACT,Banking Status,Banking Task Statuses,Go Live Status,Booked to Workable Days
POPPYS PIZZA & ITALIAN CUISINE,04/11/2023,0014W00003CNdmJQAT,f68db7d8-11d3-4a24-a2eb-f2fd3e57ef37,$600,$0.00,,,On hold,ON_HOLD,NEW,-1
Hiw Kaow Thai Food Truck,04/10/2023,0014W00003CNcHfQAL,7584b364-8b88-4e7e-adb4-97fcd5129006,$900,$726.99,Yes,,Completed,COMPLETED,NEW,0
EL HABANERO LLC,04/10/2023,0014W00003CNdfIQAT,f119b05d-68f6-46a8-bbb0-6ad9d040e459,$0,$0.00,,,Not started,NEW,NEW,-1
Soup-R-Dawgs,04/10/2023,0014W00003CNdfDQAT,3a836a76-f74e-4b71-b963-ee205ef75b41,$0,$0.00,,,Not started,NEW,NEW,-1
Sam Cafe,04/10/2023,0014W00003CNcjkQAD,b7ee0976-842b-421d-9448-15b7fcf6e539,$0,$254.40,,,Not started,NEW,NEW,-1
Hidalgos Mexican Restaurant,04/10/2023,0014W00003CNdHlQAL,107d52c8-cdb8-44e1-a93d-71da2387f3ce,$0,$319.24,,,Not started,NEW,NEW,-1
Rita's catering,04/10/2023,0014W00003CNdB4QAL,25313877-8ce8-44f8-97bd-c1afb9b028ac,$600,$727.00,,,Not started,NEW,NEW,-1
Edifer Pizzeria,04/10/2023,0014W00003CNdiMQAT,64e9f805-3ae2-41ee-9a53-b950f43f2ca2,$0,$0.00,,,In progress,IN_PROGRESS,NEW,-1
Dope Vegan,04/10/2023,0014W00003CNd7bQAD,12c86083-852b-4bc4-ad7a-c948e5e2a0a2,$0,$508.88,,,Not started,NEW,NEW,-1
Kitchen Creme,04/10/2023,0014W000037WunVQAS,69d73bb3-cfc1-44c4-b21e-796ee71f777a,$900,$0.00,,,Not started,NEW,NEW,-1
S&S Coffee Spot,04/10/2023,0014W00003CNcgjQAD,112062cc-64ab-419a-8efc-ca55cd0889d7,$0,$0.00,,,In progress,IN_PROGRESS,NEW,-1
Franky's Downtown,04/10/2023,0014W00003CNdE3QAL,a7bd79d2-d500-4ce4-b4e9-3dd745024392,$0,$581.70,,Yes,On hold,ON_HOLD,NEW,-1
Birrieria Los Nava,04/10/2023,0014W00003CNdIjQAL,fdb14b8a-ba71-4e3e-850f-a1f4d3081d32,$0,$0.00,,,In progress,IN_PROGRESS,NEW,-1
NIAGARA GUYS,04/10/2023,0014W00003CNcHVQA1,81b52149-aa8d-4db3-9b91-8a6534c9b052,$0,$0.00,,,Not started,NEW,NEW,-1
Victorias Seafood C/O ANASTASI,04/10/2023,0014W00003CNdEDQA1,1472f492-f35f-4f45-8478-1a324107c57b,"$2,028","$2,025.00",,Yes,Completed,COMPLETED,NEW,2
Mr. & Mrs. K's Beignets,04/09/2023,0014W00003CNc6WQAT,8712e807-7f58-41f5-bfda-798fd3aa2731,$0,$0.00,Yes,,Completed,COMPLETED,NEW,1
Potter Sundry,04/09/2023,0014W00003CNPvqQAH,526ee257-bb16-4136-ba71-a417b1aeb6a9,$0,$244.80,,,Not started,NEW,NEW,-1
Emberphoria LLC,04/09/2023,0014W00003CNc3SQAT,c6011380-d9e4-4c1e-a427-848284048168,$0,$0.00,,Yes,On hold,ON_HOLD,NEW,-1
Greenhaus Cafe,04/09/2023,0014W00003CNcBcQAL,dee2ca2f-95c7-4e53-a357-b4412a119959,$0,$119.00,,,Completed,COMPLETED,NEW,5
Mostly Dough LLC,04/08/2023,0014W00003CNbvSQAT,bbb122c2-0d19-4317-b05a-5749aad6ab95,$0,$0.00,,,Not started,NEW,NEW,-1
Ohh Bobaa,04/08/2023,0014W00003CNbvDQAT,8fbeacff-eef7-4fcd-a3a6-ddae6d35e330,"$1,188",$599.40,,,In progress,IN_PROGRESS,NEW,-1
Frank’s Dogs,04/08/2023,0014W00003CNbo7QAD,f2416440-a0b9-4c4a-83c9-1e3ec97e3a73,$0,$209.00,,Yes,On hold,ON_HOLD,NEW,-1
Juanchitos cafe,04/08/2023,0014W00003CNbnnQAD,7bbf7769-d64c-44d0-b4f1-83c2587ed676,$0,$0.00,,Yes,On hold,ON_HOLD,NEW,-1
Crusader Coffee Shop,04/08/2023,0014W000037YYUiQAO,fc79934e-b573-4576-993c-cb7e8d6c7762,$300,"$1,016.99",,,Not started,NEW,NEW,-1
AIDA Holdings LLC,04/08/2023,0014W00003CNbn9QAD,afbd0431-d2a3-4d3c-af72-896b80eb7e97,$0,$327.20,,Yes,Completed,COMPLETED,NEW,3
Pasa La Hookah Lounge,04/07/2023,0014W00003CNbbmQAD,c7488c77-a1cd-4c09-a102-4ab5b8d46e62,$300,$544.80,,Yes,Completed,COMPLETED,NEW,4
Meyer’s,04/07/2023,0014W00003CNahlQAD,4696b2d4-30e1-407e-888d-a1d1e986eb5f,$0,$199.00,,,Not started,NEW,NEW,-1
Westerly Canteen,04/07/2023,0014W00003CNbfFQAT,3cf99bb0-2e85-460c-ba2a-f4362786caff,$0,$607.99,,Yes,Completed,COMPLETED,NEW,4
J&P Taquitos,04/07/2023,0014W00003CNawQQAT,c6ee9739-c0ad-4bef-b913-6891134cced2,$300,$299.40,,,Not started,NEW,NEW,-1
Pink Buddha Chinese Restaurant,04/07/2023,0014W000037YOnHQAW,531e2473-0be8-49c7-bcb4-148b25281150,$0,$0.00,Yes,,Completed,COMPLETED,NEW,5
Tapatias Birria & Tacos,04/07/2023,0014W00003CNbRNQA1,d3b5e4a1-0ec5-4830-8b97-1acce562c946,$900,$328.00,,Yes,On hold,ON_HOLD,NEW,-1
Lady and the Beast,04/07/2023,0014W00003CNbfeQAD,b1baa4ae-629f-4d6c-a001-3b0f2420dcbd,$720,$0.00,,,In progress,IN_PROGRESS,NEW,-1
Busy Bee,04/07/2023,0014W00003CNbjCQAT,4c2a1204-9754-4fb5-9856-c8e62e0a295a,"$1,200",$499.00,,,Not started,NEW,NEW,-1
What's The Tea,04/07/2023,0014W00003CNbRmQAL,56e67f99-d7fb-4757-a7b1-8d7b7d7b4116,$0,$436.21,Yes,,Completed,COMPLETED,NEW,5
The Penguin,04/07/2023,0014W00003CNaqDQAT,4907151a-16df-47fd-961e-63a9b6df0f59,$0,$864.50,,Yes,In progress,IN_PROGRESS,NEW,-1
Bentoville,04/07/2023,0014W00003CNbZgQAL,975ae88f-b4c2-4f1c-b85a-a81072f52914,$0,$199.00,,,In progress,IN_PROGRESS,NEW,-1
The Suga Shack Diner LLC,04/07/2023,0014W00003CNbRDQA1,a4039d40-c282-49ad-82ec-d03e4d90ea0f,$0,$408.00,,,Not started,NEW,NEW,-1
Chesterfield Underwoodsman LLC,04/07/2023,0014W00003CNbfyQAD,5ed6d6f1-880f-42f9-8c69-e196d103b42f,$600,$838.58,,Yes,On hold,ON_HOLD,NEW,-1
Watts On The Grill,04/07/2023,0014W00003CNbaKQAT,27efd8d3-8c1a-4a6f-94eb-743f95bf619b,$0,$0.00,,,In progress,IN_PROGRESS,NEW,-1
"Taste of the Himalayas, LLC",04/07/2023,0014W00003CNbj7QAD,bf658b9c-3cc4-4557-b0ba-b1ca224122dc,$300,"$1,100.40",Yes,,Completed,COMPLETED,COMPLETED,3
"Comfy Food 2 Go, LLC",04/07/2023,0014W00003CNbgNQAT,767f15fe-45bf-46cd-a501-61a7202cd6b6,$0,$327.24,,Yes,Completed,COMPLETED,NEW,6
Sara's cabin,04/07/2023,0014W00003CNbTOQA1,9681096d-ad70-42c4-b080-58b559e51566,$0,$139.98,,,On hold,ON_HOLD,NEW,-1
Gabiotas Catering,04/07/2023,0014W00003CNbL0QAL,4a8b77db-301c-4ec0-bf8b-ecf6ed944c2e,$0,$310.20,,,Completed,COMPLETED,NEW,5
Zorba the Greek,04/07/2023,0014W00003CNahOQAT,0c88f979-9d60-4d2d-b604-b693691576af,$300,$299.40,,,Not started,NEW,NEW,-1
BLU Bar & Grill,04/06/2023,0014W00003CNY26QAH,35bfa500-01be-4a97-874f-0275f412aead,$300,$817.00,,Yes,In progress,IN_PROGRESS,NEW,-1
The Yum Food Truck,04/06/2023,0014W00003CNaKEQA1,b91d4f3c-27f7-47bf-93ce-3ac6d8c4cea2,$0,$119.40,,,Completed,COMPLETED,NEW,7
Nano Burger,04/06/2023,0014W00003CNa5EQAT,713994ff-365a-417b-b2c2-a8ca30fd2539,$300,$349.30,Yes,,Completed,COMPLETED,NEW,-1
Flavour Saviour,04/06/2023,0014W00003CNZnJQAX,ccf7cf88-61da-4977-acb8-69d7aa3d7ffb,$300,$349.30,,,Not started,NEW,NEW,-1
Kozy Kabin Coffee Shop,04/06/2023,0014W00003CNaQMQA1,14c5a07b-60d0-459b-b742-5dfffe7f15cc,$0,$119.40,,Yes,Completed,COMPLETED,NEW,7
Cravin Flavor,04/06/2023,0014W00003CNaIXQA1,99f798e3-824b-4202-98b5-41024e3025ad,$0,$527.00,,,Not started,NEW,NEW,-1
Griddly Bear,04/06/2023,0014W00003CNaOuQAL,785aa12e-f398-4700-bbeb-bcac872dbc0a,$0,$310.81,Yes,,Completed,COMPLETED,NEW,4
Field Bar & Bottle Shop,04/06/2023,0014W00003CNZnsQAH,f1c32f52-d4af-4bb8-983f-4c455f488e98,"$1,368",$838.80,,Yes,Completed,COMPLETED,COMPLETED,0
Brothers Pizza,04/06/2023,0014W000037YiZoQAK,aa3e0370-f05c-4af2-bc64-1a853f958355,$0,$736.00,,,Completed,COMPLETED,NEW,-1
MK Pizza,04/06/2023,0014W00003CNaIhQAL,d051b8c0-f9df-4a94-aaf9-467d0a95c4ef,$0,$0.00,,,In progress,IN_PROGRESS,NEW,-1
Melaque Mexican Restaurant,04/06/2023,0014W00003CNaLvQAL,8a47f051-290f-4694-99eb-db69624f67d2,"$1,968","$2,026.40",,Yes,Completed,COMPLETED,NEW,6
dumpLins,04/06/2023,0014W00002W889eQAB,c66aa674-fe62-41cd-8e3a-5779f4373e22,$0,$0.00,Yes,,Completed,COMPLETED,NEW,1
Ella’s Eats,04/06/2023,0014W00003CNaPxQAL,34e53515-f5a2-4599-ae85-4d0f539f822e,$300,$349.30,,Yes,On hold,ON_HOLD,NEW,-1
Betty Sue's on the lake,04/06/2023,0014W00003CNaSNQA1,594e5bb8-c929-4b42-8441-4aa8e624db4a,$0,$0.00,,,Not started,NEW,NEW,-1
Kays Juice Bar & Cafe,04/06/2023,0014W000037YXy0QAG,419fd7d3-40a2-4fa4-a85f-db07b8482d62,$0,$362.58,,Yes,Completed,COMPLETED,NEW,5
Lettuce Express,04/06/2023,0014W00003CNZbvQAH,28cd38b5-190f-43c8-8f3e-42d526b0ffdd,$0,$190.80,Yes,,Completed,COMPLETED,NEW,4
Cuban Fuego,04/06/2023,0014W00003CNZXPQA5,07ded6ea-e424-429e-bccd-67761bc63036,$0,$0.00,,,Not started,NEW,NEW,-1
Chillspot2.0 taste of flavors,04/06/2023,0014W00003CNaEBQA1,966e2241-391a-4b32-9bab-33f17834d826,$0,$0.00,,,In progress,IN_PROGRESS,NEW,-1
WNF CAFE,04/06/2023,0014W00003CNaJBQA1,be2a32b1-9f13-4e26-a93a-7146998b21a9,$0,$199.00,,Yes,Completed,COMPLETED,NEW,6
Cottage Cafe,04/06/2023,0014W00003CNZXjQAP,0d5c8772-2a69-4a71-bba5-28e19b48c809,$0,$0.00,,,Not started,NEW,NEW,-1
Los Hermanos Inc,04/06/2023,0014W00003CNZwmQAH,d8382886-60b3-47a4-9600-6498ba00d9d0,"$4,128","$1,816.00",,Yes,Completed,COMPLETED,NEW,7
Yummy Tummy Sweets Bakery,04/06/2023,0014W00003CNa20QAD,dca6126f-17a6-45b8-8091-7db1b6a0140b,$0,$254.40,,,On hold,ON_HOLD,NEW,-1
Grunts Bar,04/06/2023,0014W00003CNZeBQAX,800c055f-3b34-4f75-90b2-760d0bc54c67,$0,$222.60,,Yes,Completed,COMPLETED,NEW,6
twisted ice cream shop,04/06/2023,0014W00003CNYrpQAH,0d1343c5-b659-4256-823a-b9725e109e48,$900,$318.00,Yes,,Completed,COMPLETED,NEW,6
Ganymead,04/06/2023,0014W00003CNaQbQAL,d4d791f7-c763-49c5-a14f-3b757da4bbcd,$0,$718.00,Yes,,Completed,COMPLETED,NEW,1
thePrince's Delicacies,04/06/2023,0014W00003CNZoCQAX,8e4171d9-9466-4e2a-8b1e-be8d2416920f,$0,$0.00,,,Not started,NEW,NEW,-1
La Vaquita Mexican Grill,04/05/2023,0014W00003CNXLeQAP,b5746b68-3752-414e-b403-751cf9319edb,$0,$318.00,,Yes,Completed,COMPLETED,NEW,1
Sharon Barnes,04/05/2023,0014W00003CNYWoQAP,f8bb9c54-79ae-4cec-baaf-c2bb81288006,$0,$190.80,,,Not started,NEW,NEW,-1
SNT LLC,04/05/2023,0014W00003CNYGqQAP,21a53dc8-3bad-4ef2-bf25-c81db60b7cf8,$0,$0.00,,Yes,Completed,COMPLETED,NEW,7
Turkey Hen & Fin,04/05/2023,0014W00003CNXMIQA5,9663428a-04a8-4228-8d85-c01ea2069718,$0,$527.99,Yes,,Completed,COMPLETED,COMPLETED,1
your plate or mine catering,04/05/2023,0014W00003CNYL7QAP,97d701d2-d5e5-4eeb-9b7c-1f2664954f72,$0,$119.40,,,Completed,COMPLETED,NEW,7
Nubby's Wild Harvest,04/05/2023,0014W00003CNYQCQA5,0fc42fc8-61ce-436d-a98d-4c1224e479e9,$0,$199.00,,,Not started,NEW,NEW,-1
Agawam Axe House,04/05/2023,0014W00003CNYaWQAX,7219fb53-aba1-451a-b796-e582c7ec213a,$0,$0.00,,Yes,Completed,COMPLETED,NEW,5
HyderBoyz kitchen,04/05/2023,0014W00003CNYGWQA5,13c0aba6-063f-4a49-8ad3-925a94efecdd,$0,$0.00,,,Not started,NEW,NEW,-1
Beachy Queen,04/05/2023,0014W00003CNY1IQAX,7c7b8b3e-49b6-4167-ab71-5030726a5fdc,$0,$119.40,,,Not started,NEW,NEW,-1
BL BBQ,04/05/2023,0014W00003CNXyYQAX,cd9753ed-e121-4425-8cf2-6df7e8883b71,$900,$0.00,,Yes,In progress,IN_PROGRESS,NEW,-1
Maple Leaf Cafe Diner and Catering,04/05/2023,0014W00003CNYPxQAP,1f37ca85-bfb0-463d-9842-c2c4d69a72e0,$0,$0.00,,,Not started,NEW,NEW,-1
TWISTED BBQ AND GRILL,04/05/2023,0014W00003CNYKiQAP,a04c89e3-d7b2-4a68-a5bc-4198886542b4,$360,$0.00,,Yes,Completed,COMPLETED,NEW,2
Christopher wade,04/05/2023,0014W00003CNYglQAH,c1af0fc6-1932-499e-85cf-ef512b638a91,$0,$436.21,,,Completed,COMPLETED,NEW,7
Sarah's Rockin Kitchen,04/05/2023,0014W00003CNYShQAP,82bb1d2a-9331-4602-b690-d1e85b21ec2f,$0,$0.00,,Yes,Completed,COMPLETED,NEW,1
Wonderfully Made Catering LLC,04/04/2023,0014W00003CNWLfQAP,64eb20a2-f9b6-4a5f-91a8-986440837535,$0,$190.80,,Yes,Completed,COMPLETED,NEW,10
Kennedy Family Farms,04/04/2023,0014W00003CNWeYQAX,dce390b1-8e15-4ea2-9fb9-c1e3dbb3f68c,$0,$318.00,Yes,,Completed,COMPLETED,NEW,1
Gringos,04/04/2023,0014W00003CNWQVQA5,d424189d-3913-42b1-93c3-9cec9f6c6cea,$0,$139.30,,,On hold,ON_HOLD,NEW,-1
Rollin cuisine,04/04/2023,0014W00003CNWE3QAP,2fce322c-2c39-4af4-a45f-a958c6d6829f,$0,$0.00,,,Not started,NEW,NEW,-1
Crunch of Aloha LV LLC,04/04/2023,0014W00003CNX6xQAH,f5fc627b-4e7d-4b8d-83ed-0bbad4d8aacd,$0,$167.20,Yes,,Completed,COMPLETED,NEW,1
Phat Daddy's BBQ,04/04/2023,0014W00003CNWRsQAP,1240b971-7e80-4f22-8c85-b9ba2018de42,$0,$119.40,,,On hold,ON_HOLD,NEW,-1
Chicos palteria y frutería,04/04/2023,0014W00003CNWHMQA5,6fb9f57c-9050-46f6-a48e-d74b4b22e6c6,$0,$310.81,,Yes,On hold,ON_HOLD,NEW,-1
La Casita De Las Frutas,04/04/2023,0014W000037XMuAQAW,4e58519f-5b60-4385-971b-6b5fb3b1151c,$600,$508.90,Yes,,Completed,COMPLETED,NEW,1
Port City Raceway,04/04/2023,0014W00003CNWEYQA5,e3acb31b-72ed-4a13-9dff-5dd2f191c34f,$0,$139.30,,Yes,Completed,COMPLETED,NEW,7
V&P'sTexMexMunchies,04/04/2023,0014W00003CNWDZQA5,540fdfd6-a2d5-46f8-bb1b-bfd8dd45dbf5,$0,$0.00,,Yes,Completed,COMPLETED,NEW,3
Salt and Light Coffee Co,04/04/2023,0014W00003CNWsVQAX,633c1ce0-b8f5-46d0-aae5-0d018fa6d68d,$300,$897.99,,Yes,Completed,COMPLETED,NEW,6
27 Bunzz llc,04/04/2023,0014W00003CNWADQA5,3f2bae56-a0c4-465a-bacc-42e906b688a7,$0,$0.00,,,Not started,NEW,NEW,-1
Koa Bar,04/04/2023,0014W00003CNS6hQAH,4d96f85b-7b17-4449-8072-54e7b514d178,$0,$245.40,,,Not started,NEW,NEW,-1
Betty's Food Truck Philly,04/04/2023,0014W00003CNWqAQAX,45830190-32a9-4d96-bea3-7391c5122264,$0,$0.00,,,Not started,NEW,NEW,-1
Bluebonnet Boba,04/04/2023,0014W00003CNW3gQAH,f85d136a-e02c-462f-b20c-eed72cc8996e,$0,$254.40,,,Not started,NEW,NEW,-1
YAKITORI Toriman,04/04/2023,0014W00003CNWVbQAP,e0d1f22b-b0a3-4061-93ba-dbda34eafaf2,$0,$167.20,,,Not started,NEW,NEW,-1
Laksa Shop,04/04/2023,0014W00003CNWuqQAH,2370659a-df56-40b3-8b21-e5da0cf669dd,$0,$0.00,Yes,,Completed,COMPLETED,COMPLETED,1
Trap Shacc,04/04/2023,0014W000037XZfWQAW,3091b9d3-6cd9-4107-b813-90f9eb3ec8b8,$0,$0.00,,Yes,Completed,COMPLETED,NEW,2
L&G Catering LLC DBA Shannon Sweet Stop,04/04/2023,0014W00003CNWBAQA5,4e663fce-efdf-4e23-8461-84b5eb17ebd4,$0,$0.00,Yes,,Completed,COMPLETED,NEW,-1
Sgt P's Ice Cream and Sweet Treats,04/03/2023,0014W00003CNUiDQAX,236ee25a-1a2e-4ab3-a748-485686e72a24,$0,$0.00,,,Not started,NEW,NEW,-1
OK Charley’s,04/03/2023,0014W00003CNV1eQAH,de51f79f-fdc0-483f-93f3-35ef2c7abd47,$0,$0.00,Yes,,Completed,COMPLETED,NEW,1
TBD Pizza LLC,04/03/2023,0014W00003CNURbQAP,94149ff8-109b-42fb-83ba-85a4d0be2c3b,$0,$0.00,,,Completed,COMPLETED,NEW,8
House's Rockin' BBQ,04/03/2023,0014W00003CNUgbQAH,e9a11e3d-a242-4b58-bf40-b5dc157932cc,$0,$119.40,,,Not started,NEW,NEW,-1
Lora Sport bar,04/03/2023,0014W00003CNVCXQA5,6ad663e4-00ac-4b00-bc34-4f34c8c5bccf,$0,$254.40,,,Completed,COMPLETED,COMPLETED,1
Food Trick Snob,04/03/2023,0014W00003CNVTOQA5,7c829562-e88d-49ae-8301-c9b95cc7b992,"$1,200",$0.00,,,Not started,NEW,NEW,-1
Worlds End Coffee Company,04/03/2023,0014W00003CNUKGQA5,2f1a9f33-f475-4b0f-a874-c7574e66b089,$0,$318.00,,,Completed,COMPLETED,NEW,1
66 Blaque,04/03/2023,0014W00003CNV1yQAH,7d5e68c3-0484-4793-861a-238a2ac20519,$0,$0.00,,,Not started,NEW,NEW,-1
Mon cheri,04/03/2023,0014W00003CNVGZQA5,535e75fc-201d-4043-a885-7d2d28f8c746,$0,$789.00,Yes,,Completed,COMPLETED,NEW,3
Daniela Arcia,04/03/2023,0014W00003CNV1KQAX,97affb5d-d1c0-4ac6-ab93-014d48dfaaa6,$0,$0.00,Yes,,Completed,COMPLETED,NEW,1
Mac Daddy Wingz and Cheese,04/03/2023,0014W00003CNUBKQA5,68ff080e-5d4c-4fca-af76-2d6030b9a7e3,$0,$0.00,,Yes,In progress,IN_PROGRESS,NEW,-1
Massapequa Coast Little League,04/03/2023,0014W00003CNVV5QAP,31abd5ed-c564-46a2-b18d-53f5e6407262,$0,$0.00,Yes,,Completed,COMPLETED,NEW,-1
Montego Bat Restaurant and Pastries,04/03/2023,0014W00003CNVHDQA5,379442dd-b5f6-43f4-b32b-a260e322a770,$0,$0.00,,,Not started,NEW,NEW,-1
Quiggleys Bar and Grill,04/03/2023,0014W00003CNUkEQAX,d17e04c9-36d2-42d4-9566-1e8b7d4b4ef6,$0,$190.80,,,Completed,COMPLETED,NEW,7
Las Koritas,04/03/2023,0014W00003CNVRwQAP,c3c9ef5d-4571-4f68-8387-8d089769ab52,$0,$0.00,Yes,,Completed,COMPLETED,NEW,2
Mountainbuzz Pizza,04/03/2023,0014W000037YiF8QAK,b4013dae-e141-4bc2-bdd4-4a003a48c3fc,$0,$0.00,,Yes,Completed,COMPLETED,NEW,2
Juice Brews,04/03/2023,0014W00003CNVJIQA5,842c6daa-e79b-4f90-a0d9-67bff3681d20,$300,$508.53,Yes,,Completed,COMPLETED,NEW,1
Don Juan Tacos y Mas,04/03/2023,0014W00003CNUsdQAH,ff6de1dd-b0a3-46c1-b0e9-8045941ccd97,"$1,188","$1,117.00",Yes,,Completed,COMPLETED,NEW,1
Chef De’jour catering $ Private chef services,04/02/2023,0014W00003CNTNzQAP,96097960-034a-479a-852c-b99326fbc5fe,$900,$0.00,,Yes,In progress,IN_PROGRESS,NEW,-1
Villa Thai,04/01/2023,0014W00003CNT4kQAH,fc1a71f5-d858-4e81-b35b-3e63ea005ff2,"$2,268","$2,215.00",,Yes,Completed,COMPLETED,NEW,4
ME So Hungry,04/01/2023,0014W00003CNT4VQAX,7417c306-3b60-426b-aba0-6928960a0422,$600,$370.80,,,In progress,IN_PROGRESS,NEW,-1
K's Fish & Chicken,04/01/2023,0014W00003CNTMQQA5,fb96547e-a657-45d4-8250-6d38c209ee59,$0,$0.00,,,Not started,NEW,NEW,-1
Restaurante piquitin,04/01/2023,0014W00003CNT4LQAX,c6d21d37-3015-40d0-a209-94bebc693cc7,$0,$0.00,,,Not started,NEW,NEW,-1
Amphai Northern Thai Food,04/01/2023,0014W000037XxW3QAK,f1135c2b-8c69-4d12-a9db-a3a65cb85518,"$1,728",$598.80,,Yes,Completed,COMPLETED,NEW,13
Head2Hock,04/01/2023,0014W00003CNT62QAH,d8c5d2f5-eba0-4c43-a740-13a23dd72e75,$0,$408.00,Yes,,Completed,COMPLETED,NEW,3
the chuckwagon,04/01/2023,0014W00003CNT4uQAH,b5a02901-3cc1-4dbe-99c9-59501d8ea3ab,$0,$0.00,,Yes,Completed,COMPLETED,COMPLETED,5
Polish American Citizens Club,04/01/2023,0014W00003CNTB4QAP,65117d0e-8869-44ab-9ca4-6119d7558b47,$0,$741.00,,Yes,Completed,COMPLETED,COMPLETED,9
Coop's Fresh Chicken,03/31/2023,0014W00003CNSEUQA5,b1daf388-c809-4da9-8f19-50a8d49d8012,$300,$299.40,,Yes,Completed,COMPLETED,NEW,6
Bat City Pies,03/31/2023,0014W00003CNRSGQA5,3521390c-ad86-4f68-833b-9eedc9be5915,$0,$190.80,,Yes,Completed,COMPLETED,COMPLETED,0
Sullivan's Bar and Grill of Belleville Inc,03/31/2023,0014W00003CNSuVQAX,2f85b711-a258-42dd-9f2a-246999034b61,$0,$190.80,,Yes,Completed,COMPLETED,NEW,6
Mission Filled Drug Company,03/31/2023,0014W00003CNK4mQAH,5b4bce24-2ea8-40ab-8822-9789f091e06a,$0,$119.40,,Yes,In progress,IN_PROGRESS,NEW,-1
Gigi's Corner,03/31/2023,0014W00003CNS67QAH,e0cfd62d-f4cb-46e2-89ce-f740002e5ee8,$0,$316.20,,,Not started,NEW,NEW,-1
THE BOSS CHEESESTEAK LLC,03/31/2023,0014W00003CNS7AQAX,cf98aca0-213b-4697-8575-13be79a88c88,$300,$419.41,,Yes,Completed,COMPLETED,NEW,3
Tropical Bay LLC,03/31/2023,0014W00003CNRzLQAX,ea73cbc3-37c1-4cca-b5c2-0cae2dd0720a,$0,$436.21,,,Not started,NEW,NEW,-1
Menagerie of Munch,03/31/2023,0014W00003CNRBoQAP,0af39ead-c3c2-48dc-8e53-747960df5d58,$0,$0.00,Yes,,Completed,COMPLETED,NEW,5
Uncle Tater's Food Truck,03/31/2023,0014W00003CNR4kQAH,5aad0ee2-0721-4d95-9746-b25f2bc7dede,"$1,728",$609.00,,,Not started,NEW,NEW,-1
Clayton Elks Lodge # 2132,03/31/2023,0014W00003CNRBtQAP,85353ab7-dcb5-416b-a6ea-05d1592cf458,$0,$527.00,,,Completed,COMPLETED,NEW,12
Tandoori Kabab and Pizza,03/31/2023,0014W00003CNRp5QAH,b938ac37-24cc-45b4-870f-be295f8b1f17,$900,$0.00,,,On hold,ON_HOLD,NEW,-1
Ericca Williams,03/31/2023,0014W00003CNRbwQAH,f49ab61e-8506-484c-b309-51d5ab8efd10,$0,$0.00,,,Not started,NEW,NEW,-1
The Vienna Bar,03/31/2023,0014W00003CNR9QQAX,f24dd3f3-6d15-4726-96fa-c66f643f7f0e,$0,$0.00,,Yes,Completed,COMPLETED,COMPLETED,5
Here We Dough,03/31/2023,0014W00003CNSpuQAH,2298314c-4f9e-47c9-8248-95171fe92a20,$0,$159.20,,,In progress,IN_PROGRESS,NEW,-1
Astro Fun World,03/31/2023,0014W00003CNT1bQAH,651e7d94-fb4e-4cc2-9cf0-417d58e7fbd5,"$3,960","$3,732.00",Yes,,Completed,COMPLETED,COMPLETED,3
Caribbean Flare,03/31/2023,0014W00003CNRKQQA5,ae43fbe9-6a74-4889-8c0d-bfba1cf53f4f,$0,$0.00,,,Not started,NEW,NEW,-1
Peanuts Breakfast and BBQ,03/31/2023,0014W00003CNSEjQAP,9495c88c-b781-4a5b-ab83-6aafbdae58d6,$300,$370.80,,,Completed,COMPLETED,NEW,5
Elotes y Tacos San Martin LLC,03/31/2023,0014W00003CNS3wQAH,c1210709-5f26-4ae5-9458-41298dd1be2d,$0,$316.20,Yes,,Completed,COMPLETED,NEW,5
Just Like Nonna's,03/31/2023,001C000001m4wudIAA,91d169b8-fc59-4546-a951-3ab6e9be0a14,$0,$310.81,,Yes,Completed,COMPLETED,COMPLETED,6
Shaved by the Block Event Shaved Ice,03/31/2023,0014W00003CNSC9QAP,14b36fa0-4444-419b-9e3c-617d29ca1817,$0,$191.41,,,Not started,NEW,NEW,-1
Fatso,03/31/2023,0014W00003CNR5JQAX,73c3db91-6652-4bbe-ba79-b4d60c312054,$0,$0.00,,,Not started,NEW,NEW,-1
"Cove Creek Barbecue, LLC",03/31/2023,0014W00003CNR88QAH,44840998-6322-4b39-99af-6421ae82b6e5,$0,$0.00,,,Completed,COMPLETED,NEW,6
Anointed Drip,03/31/2023,0014W00003CNSf6QAH,7a955e4a-67f9-479e-bab7-36e803fd0d1e,$0,$190.80,,,Completed,COMPLETED,NEW,-1
Nyke's,03/31/2023,0014W00003CNR8wQAH,6738f84a-1a30-407d-87e4-c457a8e66f5f,$900,$0.00,,,In progress,IN_PROGRESS,NEW,-1
Nonno Alby's Mobile Catering,03/31/2023,0014W00003CNS2AQAX,8c0935bd-6033-4aa1-b956-59c53bf22f6c,"$1,200",$0.00,Yes,,Completed,COMPLETED,NEW,13
"Skeets, LLC",03/31/2023,0014W00003CNSBzQAP,65eb2c6c-6da2-4241-94ea-70b9e0167627,$0,$190.80,,Yes,Completed,COMPLETED,NEW,5
Fountain Barbecue LLC,03/31/2023,0014W00003CNR9BQAX,473e7ab8-8ac7-48be-ad40-ed4b84b4eddb,$0,$199.00,Yes,,Completed,COMPLETED,COMPLETED,5
We in the kitchen foodtruck llc,03/31/2023,0014W00003CNSgxQAH,113ff9dc-7430-4d70-afa2-3b455c4232fb,$0,$0.00,,,In progress,IN_PROGRESS,NEW,-1
Harmony cafe,03/31/2023,0014W00003CNS3rQAH,4e0ae4d4-8230-4f4c-97b9-2d28779cee2a,$0,$0.00,,,On hold,ON_HOLD,NEW,-1
RESTAURANTE PIQUITIN,03/31/2023,0014W00003CNSs0QAH,265a0726-9692-45dd-b02b-14f88dd5aea2,$0,$0.00,,,Not started,NEW,NEW,-1
A Taste of Freedom,03/31/2023,0014W00003CNRIeQAP,73f36d20-133b-4303-8a45-7ec2ccf21849,$300,$299.40,Yes,,Completed,COMPLETED,NEW,12
Burgers of Baltimore,03/31/2023,0014W00003CNS6bQAH,e3a24279-42f9-4c42-b577-b708b7724199,$300,$664.81,,,In progress,IN_PROGRESS,NEW,-1
The taco king,03/31/2023,0014W00003CNGtVQAX,376ef427-67f0-4020-8f50-904a0cee2e9c,"$1,728","$2,025.00",,Yes,Completed,COMPLETED,NEW,7
Ruthies Pool,03/30/2023,0014W00003CNQ6GQAX,d356434b-5963-4238-9f07-bdb7829015fe,$0,$408.00,Yes,,Completed,COMPLETED,NEW,4
Smoky Buns LLC,03/30/2023,0014W00003CNPXeQAP,afa09478-83c0-4fb3-abef-3ab8c9784865,$0,$0.00,,Yes,Completed,COMPLETED,NEW,6
Maxenita Cafe Inc.,03/30/2023,0014W00003CNQyNQAX,da1ee7d9-3375-4bcf-b401-f6c8f939d42e,$0,$0.00,,,Not started,NEW,NEW,-1
Big Daddy's Dogs,03/30/2023,0014W000037Y7zHQAS,3b5dd23f-2493-4423-85b1-e133aab2b181,$0,$466.21,,Yes,Completed,COMPLETED,COMPLETED,5
Kings BBQ Mobile,03/30/2023,0014W00003CNQiJQAX,4cb52655-b304-4cea-a3c7-ca7cf41bd2a3,$0,$0.00,,,Completed,COMPLETED,NEW,4
Amma oho togo,03/30/2023,0014W00003CNQ1VQAX,211d8f5f-74a1-4d8a-b9ef-0985d06495cd,$900,$190.80,,,Not started,NEW,NEW,-1
Hopper's Corner Bar,03/30/2023,0014W00003CNQkPQAX,f6803599-5b7e-40a5-a93a-2ed43b6503cc,$0,$741.00,,,In progress,IN_PROGRESS,NEW,-1
Super Smash Burgers,03/30/2023,0014W00003CNPygQAH,615b95c7-1280-484a-979d-4985f756c71b,$0,$0.00,,Yes,On hold,ON_HOLD,NEW,-1
Roast & C.R.E.A.M.,03/30/2023,0014W00003CN3IBQA1,df980e9b-68db-441e-8c25-0a65f15fe4b4,$300,$419.41,,,Not started,NEW,NEW,-1
Affogatto,03/30/2023,0014W00003CNQ8HQAX,1def772d-c220-4a9e-8633-754d7a1119a9,$0,$517.99,,,On hold,ON_HOLD,NEW,-1
Name Your Cone,03/30/2023,0014W00003CNKSgQAP,f883cc50-b989-4a1d-a979-1859ccf1a497,$0,$318.00,,Yes,On hold,ON_HOLD,NEW,-1
Southside Finger Food Shack,03/30/2023,0014W00003CNQG0QAP,2c06e0e4-0345-498c-af7f-a9d9949d780b,$0,$0.00,,,Not started,NEW,NEW,-1
PEABODY HS/CULINARY ARTS,03/30/2023,0014W00002msd1xQAA,09bb1f1d-236c-497b-9f8e-046ef24b3656,$0,$932.40,,,Completed,COMPLETED,NEW,15
Cheesy bite Enterprise,03/30/2023,0014W00003CNQvTQAX,fc57937e-c6eb-4dc7-a802-a56c60a22f80,$300,$610.21,Yes,,Completed,COMPLETED,NEW,8
SDH Management Inc.,03/30/2023,0014W00003CNPHkQAP,cbcfc9b9-4367-4c02-aa98-0440afeddde8,$0,$0.00,,,Completed,COMPLETED,NEW,13
Libelula Cafe and Grill,03/30/2023,0014W00002xfIWrQAM,ae185160-b1fc-4f41-9cca-13cdbf344500,$0,$310.81,Yes,,Completed,COMPLETED,NEW,-1
Mill Cafe and Bake Shop LLC,03/30/2023,0014W00003CNPHBQA5,db0ca6bd-9a8f-4023-b68e-7f2cdef01ad3,$0,$316.81,,Yes,Completed,COMPLETED,NEW,5
Crabbs Tropical Treat,03/30/2023,0014W000037YuCsQAK,1c83f8ad-9eb7-492d-aefd-cd2cebab461f,$828,$670.20,,,Completed,COMPLETED,COMPLETED,0
Ice cream social,03/30/2023,0014W00003CNQktQAH,fe364877-40a8-41c9-95de-122c4bd34530,"$1,968","$1,340.40",,,In progress,IN_PROGRESS,NEW,-1
Vegan Bodeguita,03/30/2023,0014W00003CNPXtQAP,391cf6df-0074-4def-b613-5fac818e7c52,$300,$424.80,Yes,,Completed,COMPLETED,NEW,6
Mountainside Cafe,03/29/2023,0014W00003CNNVzQAP,72d615ab-a33c-4b0f-b58d-7cbc2f47b445,"$1,428",$790.20,,,Completed,COMPLETED,NEW,3
FH Event Center,03/29/2023,0014W00003CNOFAQA5,6f261a29-53e8-4168-be77-8d3079828815,$0,$245.40,,,Not started,NEW,NEW,-1
TAKEDA,03/29/2023,0014W00003CNNpIQAX,aa8a2dcd-57e8-4d87-a040-152e31fc5978,$0,$0.00,,,Completed,COMPLETED,NEW,7
Bevel Coffee LLC,03/29/2023,0014W00003CNOEMQA5,e96b7021-63cc-4f94-b7fb-7aeda0f7afbe,$0,$120.01,,Yes,Completed,COMPLETED,COMPLETED,2
No Fake love entertainment llc,03/29/2023,0014W00003CNOiDQAX,1ac0ce9c-81ee-46ad-bf38-fe72d1eff2a8,$0,$0.00,Yes,,Completed,COMPLETED,NEW,0
"Big Tuck’s fish,chicken and more",03/29/2023,0014W00003CNOxLQAX,942d71d5-2fd4-4961-8ef1-dd4aa7980cd1,$0,$0.00,,,Not started,NEW,NEW,-1
Rolling Poppa,03/29/2023,0014W00003CNP6DQAX,345c338b-3d7a-41db-8d3d-2877b0a6b909,$300,$299.40,Yes,,Completed,COMPLETED,COMPLETED,1
Lulu’s Country Club,03/29/2023,0014W00003CNPAtQAP,534f7347-9776-4e49-9823-67f988d0aa75,"$1,200",$299.40,Yes,,Completed,COMPLETED,NEW,7
Pierce Aliberti,03/29/2023,0014W00003CNOt9QAH,82f2028d-91f5-4757-8b51-ab134b593ddf,"$1,488",$898.80,,,Completed,COMPLETED,NEW,16
High Tide Clubs,03/29/2023,0014W00003CNON4QAP,e64e8649-0846-4808-a4fb-26dc680796aa,$0,$0.00,,Yes,Completed,COMPLETED,NEW,7
BirdieBay Golf,03/29/2023,0014W00003CNOtjQAH,6e92cc73-c5f0-4c18-a94a-2b48fa796cb1,$0,$318.00,,,Completed,COMPLETED,COMPLETED,2
Tipsy Smash Mouth BBQ,03/29/2023,0014W00003CNOMGQA5,561dbc28-424e-43f7-b9e7-d86cc8cd795c,$0,$0.00,,,Not started,NEW,NEW,-1
food smiths,03/29/2023,0014W00003CNPFoQAP,fcd1ca35-dc9e-461c-bd46-c48e8bd6271d,$300,$299.40,,,Not started,NEW,NEW,-1
T and J catering services LLC,03/29/2023,0014W00003CNPD4QAP,839ed069-9b39-4bce-b065-a8a15a1a773d,$0,$0.00,,Yes,Completed,COMPLETED,COMPLETED,2
Chad Dunnahoo,03/29/2023,0014W00003CNP5ZQAX,99072a90-c8a3-4ba0-bf72-a67c57391ba0,"$1,728","$1,215.00",,Yes,In progress,IN_PROGRESS,NEW,-1
CMAC'S Smoothies,03/29/2023,0014W00003CNOTHQA5,f2f488af-e6b6-427e-a87b-7dbb9fbebf23,$0,$0.00,,,Not started,NEW,NEW,-1
Three Branches LLC,03/29/2023,0014W00003CNNfzQAH,8b3125b1-13ad-4e7f-a4d0-1179ab23928b,$0,$517.99,,Yes,Completed,COMPLETED,NEW,13
Shreddies,03/29/2023,0014W00003CNOyEQAX,13060b26-8f9f-426e-b289-191b98f36e9a,$0,$119.40,,,Completed,COMPLETED,COMPLETED,5
Thai Orchid,03/29/2023,0014W00003CNOgHQAX,6799f515-44d9-4a29-b4cd-b7b0ae3871bd,$0,$442.20,,Yes,Completed,COMPLETED,NEW,7
Crepes & Shakes,03/29/2023,0014W00003CNOj6QAH,ea5c22b9-147c-4d2e-94f0-02ba3bc10ddb,$300,$299.40,,,Not started,NEW,NEW,-1
Lattarulo's Wood Fired Pizza,03/29/2023,0014W00003CNOT7QAP,ad865a46-ebed-4657-a813-07df25edab5b,$300,$370.80,,Yes,Completed,COMPLETED,NEW,13
TravelinDough,03/29/2023,0014W00003CNNjhQAH,087d3a61-bdaa-43b2-897d-0c7b364718ae,$0,$119.40,,Yes,On hold,ON_HOLD,NEW,-1
BBQ2GO,03/28/2023,0014W00003CNMAKQA5,bb7b2d09-ae7e-412d-b13d-8652263eb9c5,$0,$0.00,,Yes,Completed,COMPLETED,NEW,9
PopCe's Homemade Ice Cream,03/28/2023,0014W00003CNMrBQAX,b6f5db02-7d3d-4794-96af-97d6dc671069,$0,$119.40,,,Completed,COMPLETED,NEW,7
Cluck N Spud,03/28/2023,0014W00003CNN7OQAX,0530563a-dc4c-4b6e-a2ea-7d119713cac3,$0,$310.81,,Yes,On hold,ON_HOLD,NEW,-1
Typ's Snack Shop,03/28/2023,0014W00003CNNI2QAP,b73c3b0f-d0fd-44f8-b092-90328258adeb,$0,$209.00,,Yes,Completed,COMPLETED,NEW,3
Courtney Hicks,03/28/2023,0014W00003CNLWRQA5,a1400eb0-77fd-4e24-b3b3-5a777cd23cca,$0,$0.00,,,Not started,NEW,NEW,-1
"Savor & Scoop, LLC",03/28/2023,0014W00003CNMOzQAP,d04a3b0c-6b9c-4af1-b687-9ccdaf751355,$300,"$1,040.40",,Yes,Completed,COMPLETED,NEW,10
B'LVD Cafe,03/28/2023,0014W00003CNN6kQAH,a0efd8f9-2109-4b5e-92c4-2d0195d7514c,$0,$119.40,,Yes,Completed,COMPLETED,NEW,16
Harbour Point Grill,03/28/2023,0014W00003CNMc8QAH,6baf2239-da0b-467d-b10f-0f8de95d6167,$0,$0.00,Yes,,Completed,COMPLETED,NEW,7
OutSyde Grillz,03/28/2023,0014W00003CNN9tQAH,ea3b19df-b0ff-4d06-828e-a89ca6abf9c4,$0,$0.00,,Yes,Completed,COMPLETED,NEW,8
VEGAN VIBES,03/28/2023,0014W00003CNMruQAH,068cd822-213f-44a5-9c1a-274744455317,"$2,028",$915.60,,Yes,On hold,ON_HOLD,NEW,-1
Zebulun & Co,03/28/2023,0014W00003CNM7kQAH,029a9bc3-1dfb-4946-b8e3-f77a4fa1bca5,$300,$582.20,,Yes,Completed,COMPLETED,NEW,8
Jenny Mae's,03/28/2023,0014W00003CNLTEQA5,b13c09d4-7cbf-4a9d-81e6-0220ee7762c1,$0,$318.00,,,Not started,NEW,NEW,-1
ATeam at ALCCM,03/28/2023,0014W00003CNLR3QAP,9bfbfa52-ae84-403f-b793-f73036f1b528,$828,$609.00,Yes,Yes,Completed,COMPLETED,NEW,0
"Rudy's Italian Ice, LLC",03/28/2023,0014W00003CNN08QAH,861f6254-e14b-4586-ba6f-1bf76b472a39,$0,$191.41,,Yes,On hold,ON_HOLD,NEW,-1
Mount Olympus Brewing,03/28/2023,0014W00003CNMiaQAH,4963e41e-ef30-4e58-951e-57023623870d,$0,$316.20,,Yes,Completed,COMPLETED,COMPLETED,3
Williamson Mead and Brewing,03/28/2023,0014W00003CNLdbQAH,99648a5d-615c-456e-b806-ccbabdbc062a,$0,$409.00,,Yes,Completed,COMPLETED,NEW,1
JOE'S STORE AND DELI,03/28/2023,0014W00003CNMxJQAX,f8c22286-869f-48d5-aa8d-858dcd7a4f03,$0,$190.80,,,Completed,COMPLETED,COMPLETED,3
Wet Tacos,03/28/2023,0014W00003CNLbGQAX,eb4c3736-fa1e-4ceb-bd89-bc7f9a55ea16,$0,$239.41,,,In progress,IN_PROGRESS,NEW,-1
jiin tea,03/28/2023,0014W00003CNNBGQA5,d2802ade-ef18-421f-995e-0f2266f99cd7,$0,$0.00,,,Completed,COMPLETED,NEW,14
ckc,03/28/2023,0014W00003CNMUxQAP,2ba17f71-3207-4cf8-b2d3-ddc6dcca2db6,"$1,680","$1,197.60",,,Completed,COMPLETED,NEW,10
Berraco coffee,03/28/2023,0014W00003CNMV7QAP,96b55c32-c07e-4860-9b59-e86f4eb978d9,$300,"$1,016.99",Yes,,Completed,COMPLETED,NEW,1
Food Studio,03/28/2023,0014W00003CNMEQQA5,a33f43cc-1841-42ab-aea6-3ce66f475055,"$4,668","$1,645.20",,,In progress,IN_PROGRESS,NEW,-1
Savarinos bakery,03/27/2023,0014W00003CNKh4QAH,207722da-7138-4649-947a-41bba26647f6,$0,$190.80,,,Completed,COMPLETED,NEW,9
The Rolling Stoves LLC,03/27/2023,0014W00003CNKyPQAX,345bc7fe-7430-4ba0-93c2-0bdbafaedaf2,$0,$125.40,,Yes,Completed,COMPLETED,NEW,15
Sugar Mama’s Bakery LLC,03/27/2023,0014W00003CNJlnQAH,37f4c4c4-c9b0-4211-8135-52b5e0e6ef27,$0,$0.00,,,Completed,COMPLETED,COMPLETED,4
Italia on the road,03/27/2023,0014W00003CNJlJQAX,deccc03f-deb2-4549-b826-000b288e92a8,$0,$199.99,,Yes,Completed,COMPLETED,COMPLETED,0
Tiger on The Green,03/27/2023,0014W00003CNKtUQAX,bf4b269a-c033-4ab1-885f-adfc00ab0839,"$1,200","$1,357.20",,Yes,Completed,COMPLETED,NEW,9
Mick and Shirley's Catering and Cafe,03/27/2023,0014W00003CNK2CQAX,27b8597b-8100-4c75-8956-02ed91cb790b,$0,$0.00,Yes,,Completed,COMPLETED,COMPLETED,0
Sweet Siblings Lemonade and Ice Cream,03/27/2023,0014W00003CNKJjQAP,89e778fa-41f8-417e-9b0b-cab43939b589,$0,$0.00,,,Completed,COMPLETED,COMPLETED,2
Fratelli's Corner Crust Pizza,03/27/2023,0014W00003CNKc7QAH,15ec8460-f456-44c6-ab96-4b4e7b23b7bb,$0,$0.00,,Yes,Completed,COMPLETED,NEW,10
Shauna,03/27/2023,0014W00003CNLQFQA5,9a0db45d-32fc-4399-aa1d-4766ade430fb,$0,$0.00,,,Completed,COMPLETED,NEW,14
"Cowlick, LLC",03/27/2023,0014W00003CNLLUQA5,a5ea9820-dd2c-4637-8225-68b7da48d1f5,$300,$299.40,,Yes,In progress,IN_PROGRESS,NEW,-1
Salem Motorsports Park,03/27/2023,0014W00003CNK3eQAH,4d535eb0-6832-49f6-9c63-71af3cbd8dbb,$0,$190.80,,,Completed,COMPLETED,COMPLETED,1
Greater Medina Lake Little League,03/27/2023,0014W00003CNJyZQAX,740f46ba-ea58-49fc-b187-4f7f607440f6,$0,$0.00,Yes,,Completed,COMPLETED,COMPLETED,1
Tail winds,03/27/2023,0014W00003CNJyeQAH,a6b7f050-e94a-4b42-8c65-6d5bb2c5b589,$0,$190.80,,Yes,Completed,COMPLETED,NEW,9
LOLLY AND POPS DONUT MINIS LLC,03/27/2023,0014W00003CNKqpQAH,60709701-d125-4652-8410-c271be6f34b6,$0,$283.20,,,Completed,COMPLETED,NEW,4
Mother Tongue Cafe & Bar,03/26/2023,0014W00003CNJjmQAH,398a0d13-7c45-4552-879a-b5b58cb2bae3,$0,$0.00,,,Completed,COMPLETED,COMPLETED,3
Flamingo Boba,03/26/2023,0014W00003CNJWcQAP,70321f6a-a53c-44b4-9948-baed69fbae78,$0,$0.00,,,Not started,NEW,NEW,-1
Humble Mornings Coffee Co,03/26/2023,0014W00003CNJWNQA5,a75d4e5d-8e4b-4abd-bdf0-288cb7086215,$0,$119.00,,Yes,Completed,COMPLETED,NEW,2
Nabi,03/25/2023,0014W00003CNHZsQAP,fa8a22e9-92dc-472f-bd55-a91625c3269b,$0,$0.00,,,Completed,COMPLETED,COMPLETED,3
Los Vecinos Catering LLC,03/25/2023,0014W00003CNJ8cQAH,9b5b86a8-cda3-4f50-b3fe-ef91f671edd9,$900,$0.00,,Yes,Completed,COMPLETED,COMPLETED,2
333 Boca Grill,03/25/2023,0014W00003CNJSGQA5,a81c899a-22fe-4ee0-a144-1d0db8e78a51,$0,$190.80,,Yes,Completed,COMPLETED,NEW,9
Mugs on Main,03/24/2023,0014W00003CNIaOQAX,ef647d70-43e6-4331-806e-4c8312afdea2,$600,$600.00,,,Completed,COMPLETED,COMPLETED,0
Eye Of The Tiger Street Food,03/24/2023,0014W00003CNHtrQAH,bebcc3ef-12b5-45fd-bdbb-c5117d0c955c,$0,$0.00,Yes,,Completed,COMPLETED,NEW,4
Mugshots Bar and Grill,03/24/2023,0014W00003CNIomQAH,d1cbe367-a259-4397-a117-2e8cf2ff69d2,$0,$190.80,,,Completed,COMPLETED,NEW,4
Emaar Group LLC DBA LUX Kitchen,03/24/2023,0014W00003CNIFfQAP,a44049ce-10be-4cd9-8586-5c46a75689d6,$0,$0.00,Yes,,Completed,COMPLETED,NEW,0
Taste of life restaurant,03/24/2023,0014W00003CNIEJQA5,fca15da4-ea44-41e4-9e94-16433d0b534a,$0,$310.81,Yes,,Completed,COMPLETED,COMPLETED,5
Tryst Marengo Inc,03/24/2023,0014W00003CNHdpQAH,8252f262-8010-4b01-b41a-a74605a01141,$0,$318.00,,,Completed,COMPLETED,NEW,4
PAROS FAMILY RESTAURANT,03/24/2023,0014W00003CNHrDQAX,cb296715-5a9a-4142-ad67-18108638d774,"$3,228","$1,340.40",,,Completed,COMPLETED,NEW,14
Yurburger,03/24/2023,0014W00003CNIUfQAP,32d17f4a-97aa-4f60-815e-852c01983a7a,$0,$0.00,,,Completed,COMPLETED,NEW,17
"Drip Coffee Company, LLC",03/24/2023,0014W00003CNIukQAH,42fd36e6-2d5f-4f6e-8b72-d6afcc1d225d,$300,$730.20,,,Completed,COMPLETED,NEW,12
Cool Beans Coffee,03/24/2023,0014W00003CNIfxQAH,04131f26-bfd0-42ce-b337-7af212456e86,$300,$418.80,Yes,,Completed,COMPLETED,NEW,0
Camellia Sweet Treats,03/24/2023,0014W00003CNIE8QAP,f8f75a8c-af54-450f-a469-efd1dd3819e6,$0,$0.00,,Yes,Completed,COMPLETED,NEW,14
Liberian Foodie,03/24/2023,0014W00003CNI1fQAH,81f51552-2fd3-4b83-85ef-b9db844084df,$900,$0.00,,,Not started,NEW,NEW,-1
Epicurefoods llc,03/24/2023,0014W00003CNIHRQA5,ad03bb03-ca77-463e-b154-85193a2eb88c,$0,$0.00,,,Not started,NEW,NEW,-1
Rich's old fashioned hotdogs,03/24/2023,0014W00003CNIHqQAP,ce22bc2b-f591-479f-ad60-b10345bae8a9,$0,$199.00,,,In progress,IN_PROGRESS,NEW,-1
The Avondale,03/24/2023,0014W00003CNIhoQAH,44aa080f-5f4d-48be-a0d0-6dfdec5f7121,$600,$245.40,Yes,,Completed,COMPLETED,NEW,0
Rabby’s,03/24/2023,0014W00003CNIBnQAP,39cf9c2d-b7a5-488a-a26c-f761ed5a97ae,$0,$0.00,,,Not started,NEW,NEW,-1
EC Grill43/SimplicityisCaterer,03/24/2023,0014W00003CNIQxQAP,a190a532-6ecd-42bf-97b1-e16352f56656,$0,$0.00,,,Not started,NEW,NEW,-1
The Corner Pocket Saloon N Eatery,03/24/2023,0014W00003CNInZQAX,cdb8a502-a40f-463c-8b6e-7495e0677618,$0,$190.80,,,Completed,COMPLETED,NEW,3
Vida Coffee Co,03/24/2023,001C000001kctNbIAI,529ff95d-39e6-4543-834f-f3bd10078840,$0,$239.41,,,Completed,COMPLETED,NEW,-1
El Criollo Restaurant,03/24/2023,0014W00003CNIFaQAP,a1556116-2bfd-4869-a627-2881280160f8,$0,$318.99,,,Not started,NEW,NEW,-1
One More at Oak Hill,03/24/2023,0014W00003CNHsuQAH,72c63b1b-d04c-4480-8a22-a89868f456e0,$0,$190.80,,,Completed,COMPLETED,NEW,4
Amy's Asian Kitchen,03/24/2023,0014W00003CNIrbQAH,017bc594-e511-4bb4-8633-22134410c137,$300,$648.61,,,Completed,COMPLETED,NEW,5
Pork N Roll,03/23/2023,0014W00003CNHQXQA5,13850116-cdd4-4a7e-b8aa-e1fd596f0756,$0,$0.00,,,Completed,COMPLETED,NEW,1
Kickin Cafe,03/23/2023,0014W00003CNHlAQAX,299f9472-49aa-486d-80d0-25ec189d6f8a,$0,$0.00,,,Completed,COMPLETED,NEW,5
The Fountain CO Jennifer Standing,03/23/2023,0014W00003CNHQSQA5,c0212b07-4fc9-4249-a8cb-9e3d084b9e77,$0,$245.40,,Yes,Completed,COMPLETED,NEW,6
Sneaux on the Geaux,03/23/2023,0014W00003CNGunQAH,811e2aeb-7049-4274-946d-665d207968e2,$708,"$1,117.00",,,Completed,COMPLETED,NEW,13
34th st Tacos,03/23/2023,0014W00003CNHkHQAX,10ec0cba-e060-47ad-bf25-86ab5429e172,$0,$290.78,,,Not started,NEW,NEW,-1
Bless Your Brew,03/23/2023,0014W00003CNGCdQAP,51e5d858-d91f-4c83-a7c0-f87c1eb1e8a9,$0,$190.80,,,In progress,IN_PROGRESS,NEW,-1
Mac Attack,03/23/2023,0014W00003CNHAwQAP,0f917feb-a52e-4b56-b067-5c1b28c3cca4,$900,$436.21,,Yes,Completed,COMPLETED,NEW,12
Chef Kerv On Wheels,03/23/2023,0014W00003CNHZ9QAP,c8e57508-fcbd-4a83-ada3-0b580c2831d3,$300,$299.40,,Yes,Completed,COMPLETED,COMPLETED,4
Buster's TNT Pit Stop 2,03/23/2023,0014W00003CNHZTQA5,06d69f97-636d-4c6a-8863-431a85583e64,$0,$318.00,,,Completed,COMPLETED,NEW,5
Bettys,03/23/2023,0014W00003CNG3RQAX,4df29b0e-3bd4-4de0-8622-6938140c4988,$900,$0.00,,Yes,In progress,IN_PROGRESS,NEW,-1
Friday Harbor Ice Cream,03/23/2023,0014W00003CNH1sQAH,7ed5a27a-9408-476c-882e-d5c7e2158b12,$0,$229.20,,,On hold,ON_HOLD,NEW,-1
Tik Takos Mexican Restaurant,03/23/2023,0014W00003CNGzIQAX,a3018615-aa1c-4bb6-b369-3b30defe4154,$0,$474.61,Yes,,Completed,COMPLETED,NEW,12
Antojitos Mexicanos de Cesar,03/23/2023,0014W00003CNFmnQAH,4e2befd9-d484-4f0a-86e3-a6a3bb341248,$0,$328.00,,Yes,Completed,COMPLETED,COMPLETED,6
Excalibur Rv Park,03/23/2023,0014W00003CNHQNQA5,5fe3bf68-53f8-429a-ad1d-3704f3218823,$0,$190.80,,,Not started,NEW,NEW,-1
Mulligan's RGC,03/23/2023,0014W00002muiqVQAQ,d9919d95-9173-45e9-8528-7ce53f3f1be9,$600,$490.20,,Yes,Completed,COMPLETED,NEW,18
Hoovers Chicken Coop,03/23/2023,0014W00003CNGDlQAP,1d492a86-457d-4a09-9026-9a3b1880ed1b,$0,$0.00,,,On hold,ON_HOLD,NEW,-1
Hilltop House Weddings & Events,03/23/2023,0014W00003CNGpZQAX,0db2276f-ca70-4302-8c9c-6863d31139c2,$0,$670.21,,,Not started,NEW,NEW,-1
Keepinitkookingcateringllc,03/23/2023,0014W00003CNGFwQAP,4a7a8d59-9472-4cfd-af98-8c8e5611157b,$0,$119.40,,,Not started,NEW,NEW,-1
Twisted Monkey Rt. 66 Lounge,03/23/2023,0014W00003CNHXDQA5,18e822e2-1caa-49c4-9fa5-f534f177431a,$0,$318.00,,,Completed,COMPLETED,NEW,5
Veloce pizze,03/23/2023,0014W00003CNG11QAH,bba95fce-2421-4cb0-ad36-1f2ec06b7ebc,$0,$0.00,,Yes,On hold,ON_HOLD,NEW,-1
French Toast & More,03/23/2023,0014W00003CNGgSQAX,4774fe18-ffad-4306-84be-bf27e1e60496,$0,$0.00,,Yes,In progress,IN_PROGRESS,NEW,-1
BBOH Frosty's,03/22/2023,0014W00003CNEtUQAX,a91079b0-22c7-4b42-9735-cd495cc99062,$0,$229.20,,,Completed,COMPLETED,NEW,6
Platinum plus cafe inc,03/22/2023,0014W00003CNFlBQAX,c9879c8e-73cf-4227-8667-7d16aa64061f,$0,$517.99,,Yes,Completed,COMPLETED,NEW,1
The Oasıs Restaurant Belen,03/22/2023,0014W00002msvcxQAA,4b297384-2249-4d61-95f9-411fbeb4f1a7,$300,$508.53,,,Completed,COMPLETED,NEW,21
Thai House Napa Valley,03/22/2023,0014W00003CNFc4QAH,964668df-2720-447a-8dd1-3c730e511bba,$0,$0.00,,,Not started,NEW,NEW,-1
The Dive,03/22/2023,0014W00003CNFqaQAH,40fec3d1-5d79-4324-ab7b-a0ac1af7dd88,$0,$119.40,,,On hold,ON_HOLD,NEW,-1
COAST2COAST COFFEE,03/22/2023,0014W00003CNFPnQAP,4f3dd26b-432b-4165-a205-f423aab27201,$0,$0.00,Yes,,Completed,COMPLETED,COMPLETED,1
Caravan Coffee,03/22/2023,0014W00003CNF18QAH,6e767ee1-eb77-4156-a055-14e21b905c64,$0,$310.81,,,Completed,COMPLETED,NEW,7
La Paisana,03/22/2023,0014W00003CNFxeQAH,a47db34b-1614-420a-9f50-52cd5b52b0b1,$0,$190.80,,,Completed,COMPLETED,COMPLETED,5
Tortilleria La Preferida,03/22/2023,0014W00003CNFWPQA5,5c7f9ecf-79ee-4735-b3dd-b31993876825,$0,$259.03,,,Not started,NEW,NEW,-1
Shaken Not Stirred Houston,03/22/2023,0014W00003CNENIQA5,1db048b8-26fd-4a8d-80a2-5e0e3f52bc7e,$0,$0.00,,,In progress,IN_PROGRESS,NEW,-1
Riji Cafe,03/22/2023,0014W00003CNFLbQAP,c68a772e-9ef3-47ae-bb78-5f1e278909d9,$0,$244.80,,,Completed,COMPLETED,COMPLETED,7
DIGITAL ERA TECHNOLOGIES CORPORATION,03/22/2023,0014W00003CNFvrQAH,85696de2-4c2f-4746-90cc-fbf933d57f95,$0,$409.00,Yes,Yes,Completed,COMPLETED,NEW,0
Shelby County Speedway Pits,03/22/2023,0014W00003CNF2VQAX,2939f0d3-8116-4667-a1fd-531bd59cd0f9,$0,$0.00,,,Completed,COMPLETED,NEW,7
Korean Street Foods,03/22/2023,0014W00003CNFfXQAX,564eadd6-b3ba-4468-8e33-46f7b6f228bc,$0,$436.21,,Yes,Completed,COMPLETED,COMPLETED,2
JDs Smokehouse,03/22/2023,0014W00003CNFzAQAX,4990fd1c-2d0b-4d95-9bb4-dd72bf4af458,$0,$71.40,,,Completed,COMPLETED,NEW,13
Birria King,03/22/2023,0014W00003CNCuzQAH,8629a1e9-254e-4e07-a0d8-1e915d5c1d2e,$0,$408.99,,,Completed,COMPLETED,NEW,1
Fries N Sides,03/22/2023,0014W00003CNF0tQAH,ceba1d2c-697f-4abb-9ec3-24419617c636,$0,$245.41,Yes,,Completed,COMPLETED,NEW,8
Louisiana Essence,03/22/2023,0014W00003CNFkIQAX,c55175a6-8181-4166-989f-b0dea38bbe0d,$0,$310.81,,,Completed,COMPLETED,NEW,23
Mangia la Pasta,03/22/2023,0014W00003CNFo5QAH,0dc7cbb3-8569-4211-a653-785337b3987b,"$1,728",$604.80,,,Not started,NEW,NEW,-1
Shut up and Eat Desserts,03/22/2023,0014W00003CNFvSQAX,275ebbe5-d2e6-4148-8036-0bd60a972c18,$0,$0.00,Yes,,Completed,COMPLETED,NEW,2
Anthony's Supper Club,03/22/2023,0013c00001nVtvdAAC,a79c8d9d-5296-4aef-b1ef-7159ca392d70,$0,$866.40,,Yes,Completed,COMPLETED,NEW,5
Gift of faith Latin kitchen,03/22/2023,0014W00003CNFQ7QAP,2e594e63-71e8-4175-86b5-ec5d4f5c8fd2,$900,$209.00,Yes,,Completed,COMPLETED,NEW,13
"FARM2MARKET, LLC d/b/a HAVANA GOOD TIME®",03/22/2023,0014W00003CNF6ZQAX,3e73e97f-ba4e-4710-baaf-0c664b5b7c4f,$0,$0.00,,,Not started,NEW,NEW,-1
El Moche Peruvian Food,03/22/2023,0014W00003CNFWKQA5,a40c6811-bb1a-43a4-a690-e3e0c8d64c10,$0,$561.60,,,Not started,NEW,NEW,-1
Gaza Jerk Boss Inc,03/22/2023,0014W00003CNFM5QAP,bc5b4781-6734-4ecc-8ee0-3237b654f161,$0,$0.00,Yes,,Completed,COMPLETED,NEW,-1
CC's Sweets and Etc,03/22/2023,0014W00003CNENSQA5,7f23de16-d77f-4565-bb98-c55246e6b183,$0,$0.00,,Yes,In progress,IN_PROGRESS,NEW,-1
Milk & Honey,03/21/2023,0014W00003CNDVJQA5,45585214-98cf-49c0-a8e3-c40642c584ef,$0,$119.00,,,Completed,COMPLETED,NEW,6
Brain Freeze,03/21/2023,0014W00003CND0xQAH,fada329c-12ed-4095-b933-8c8252498824,$0,$71.40,,,Not started,NEW,NEW,-1
Ma'Z Donuts,03/21/2023,0014W00003CNDQhQAP,ee053354-6109-41ed-83c4-2b438851581b,$0,$263.00,,,Not started,NEW,NEW,-1
Tempted,03/21/2023,0014W00003CNDprQAH,6f31d6bc-53e4-4c27-b19f-0c533c3e547e,$300,$559.24,,Yes,Completed,COMPLETED,NEW,2
Tacos El Michoacano,03/21/2023,0014W00003CNDzEQAX,6b46ded1-114e-4dcf-a621-402409a738ac,$0,$0.00,,Yes,Completed,COMPLETED,NEW,8
La Bomba,03/21/2023,0014W00003CNE0lQAH,ea9c81c5-cdfc-4c70-aa16-1cbd873ca5bc,$0,$120.01,,Yes,Completed,COMPLETED,NEW,3
JJ'S DOG HOUSE,03/21/2023,0014W00003CNDphQAH,c9a934f6-f386-4c30-b798-ce663d3bcf73,$0,$199.00,,,Completed,COMPLETED,COMPLETED,3
Buraq's Bubble Tea,03/21/2023,0014W00003CNDa3QAH,f2f399ec-8f03-44a7-a981-bc24ffd01665,$300,$610.21,,,Completed,COMPLETED,NEW,7
Papas Sweets,03/21/2023,0014W00003CNELHQA5,857531d5-70a9-46ad-b6c0-1948d4564071,$0,$0.00,,,Completed,COMPLETED,COMPLETED,2
North Shore Daiquiri,03/21/2023,0014W00003CNDU0QAP,c7b2827d-0022-45b2-a30a-a36d6991ec57,$300,"$1,094.40",,,Completed,COMPLETED,NEW,6
Vaqueros,03/21/2023,0014W00003CNDwoQAH,0ad50f95-3dff-465d-ad1b-330f8604f400,$0,$119.40,,,Not started,NEW,NEW,-1
El Chunky,03/21/2023,0014W00003CND8OQAX,f60a7960-59ad-4767-8d27-bfb79b9d6b2f,$300,$299.40,,Yes,Completed,COMPLETED,COMPLETED,2
Cars Cafe Coffee,03/21/2023,0014W000037XgiqQAC,e1a458e4-fc88-4230-8f70-fbb07ebd4cc1,$0,$0.00,,,Completed,COMPLETED,COMPLETED,10
Homested Grinds Molokai,03/21/2023,0014W00003CNE0HQAX,42ed074d-952c-48b4-a456-1339211d62cd,$0,$167.20,,,Completed,COMPLETED,NEW,3
The Parlor at Heights House,03/21/2023,0014W00002mr3oMQAQ,67319d2f-a262-4ae3-88f9-33a9382e53e4,$600,$370.80,Yes,,Completed,COMPLETED,COMPLETED,1
High point arts council,03/21/2023,0014W000037X8DDQA0,6127aab9-88f9-4b1d-a930-388096dabed7,$0,"$1,235.00",,Yes,Completed,COMPLETED,COMPLETED,6
"Rolling Pin Bakehouse, LLC",03/21/2023,0014W00003CNE02QAH,7b823a9f-7b5e-45a6-b1c4-ed1a4afe1a9d,$828,$484.80,,,Completed,IN_PROGRESS,COMPLETED,2
Bella Mocha Boba LLC,03/21/2023,0014W00003CN3BdQAL,9a9464fb-2e8b-4cdf-99ac-a347adaf66d0,$0,$239.41,,,In progress,IN_PROGRESS,NEW,-1
Mae's Place,03/21/2023,0014W00003CNDyQQAX,25a23f33-7d39-4144-bd36-b7bf12a5ffce,$0,$0.00,,,Not started,NEW,NEW,-1
Jalapeno Mexican Grill,03/20/2023,0014W00003CNCN8QAP,e60b1f11-d836-44d5-b5f8-165c057613d8,$0,$209.00,,,On hold,ON_HOLD,NEW,-1
Mallies,03/20/2023,0014W00003CNBqhQAH,55f4b284-317f-4320-806b-9c7606255f6e,$900,$190.80,,Yes,Completed,COMPLETED,NEW,3
Fab5Feast,03/20/2023,0014W00003CNBrBQAX,f39d3530-3f05-4b1c-8560-61b62fceaafb,$360,$0.00,,Yes,In progress,IN_PROGRESS,NEW,-1
Daytona Beach Resort,03/20/2023,0014W00003CNCAOQA5,0638bb44-f8d1-47eb-9147-eb66ee442cd6,$0,$398.99,,,Completed,COMPLETED,COMPLETED,3
"Crown Point Cuisine, LLC",03/20/2023,0014W00003CNBdOQAX,bca217ff-f1b6-400b-9be3-a7f493f06402,$300,$698.99,,Yes,Completed,COMPLETED,NEW,17
Mini Bean,03/20/2023,0014W00003CNC3cQAH,523d9e0c-2bdd-4205-9710-5c0bfba8bfb7,$0,$0.00,,,Not started,NEW,NEW,-1
Thai Tair,03/20/2023,0014W000037Yv8cQAC,a783a644-717d-4aea-9880-0501e11430f3,"$1,500","$1,480.01",,,Not started,NEW,NEW,-1
S&S Eatery,03/20/2023,0014W00003CNC8SQAX,42e87a59-9876-4500-b3f7-29d2a0c68f96,"$1,200",$538.81,,,Not started,NEW,NEW,-1
Ice Cream Shop La Michoacana,03/20/2023,0014W000037Xa5UQAS,e6abb30c-95c0-40cf-8461-f601f6dd9874,$0,$0.00,,,Completed,COMPLETED,COMPLETED,10
The Kava Bowl,03/20/2023,0014W00003CNC2FQAX,dbac226d-1dd6-4044-a8d4-ed31bbe7cea6,$0,$190.80,,,Completed,COMPLETED,COMPLETED,7
Luna's Cocina,03/20/2023,0014W00003CNBmBQAX,70988f41-e4d0-4c3a-996e-288b720f48ea,$0,$316.20,,,Completed,COMPLETED,NEW,4
Smokin Monkee BBQ,03/20/2023,0014W00003CNCIIQA5,199df355-bf78-403f-b490-1fc1c59f015e,$300,$419.41,,,On hold,ON_HOLD,NEW,-1
Benchwarmerz,03/20/2023,0014W00003CNBRoQAP,80f4b011-04c8-404a-b4a8-f2b125fe1de6,$0,$125.40,,,Completed,COMPLETED,NEW,3
Suka nuts llc,03/20/2023,0014W00003CN1CpQAL,ccd23f63-a12a-4268-8aa5-28a335d5597d,"$2,100",$0.00,Yes,,Completed,COMPLETED,NEW,1
Elegant Meals,03/20/2023,0014W00003CNB9yQAH,59ad92d9-f1c3-4f5e-b402-84672062ebe9,$0,$0.00,,Yes,On hold,ON_HOLD,NEW,-1
Joes SnoCone Shack,03/20/2023,0014W00003CNCELQA5,0688e47b-50f9-449b-8b66-ddc5133ac55a,$0,$190.80,,,Not started,NEW,NEW,-1
Vienna cafe and consignment,03/20/2023,0014W000037WYf6QAG,e57c9a0e-1f67-4258-8e75-9dad831a26ca,$0,$0.00,,,Completed,COMPLETED,COMPLETED,8
South Florida Caterer,03/20/2023,0014W00003CNCJkQAP,0badedda-8091-433e-8aab-a5ff672a15c6,$0,$0.00,,Yes,Completed,COMPLETED,NEW,11
The Green Clean Bean,03/20/2023,0014W00003CNC2AQAX,3d8dfd3b-f6e1-4131-a687-f27540a64ffc,$0,$239.41,,,Not started,NEW,NEW,-1
Bad Bob's,03/20/2023,0014W00003CNBfUQAX,bf6c4f75-c4e9-42e0-b50a-d20426baea87,$300,$698.99,,Yes,Completed,COMPLETED,NEW,10
Starving Storm,03/20/2023,0014W00003CNBlDQAX,b675dcf0-c434-4f10-8d02-05e81b98c11d,$0,$0.00,,,Not started,NEW,NEW,-1
Asado by Butterknife & Hammer,03/20/2023,0014W00003CNCCtQAP,d3a59440-014e-4f19-bca9-956078e4f209,$0,$244.80,,,Completed,COMPLETED,NEW,9
Driftwood Lounge- Rafael Cossio,03/20/2023,0014W00003CNBQgQAP,f40cf4e5-8f6a-485e-9783-5bcfc71febdf,$0,$190.80,,,Completed,COMPLETED,NEW,21
Snack Shack,03/19/2023,0014W00003CNB5DQAX,59507c18-0cac-4776-9346-24c1b842eba9,$600,$727.00,,,Completed,COMPLETED,NEW,16
Two To Tango,03/19/2023,0014W00003CNAvrQAH,695775e6-c2b5-46c0-8550-fb56fbe955c4,$0,$199.00,,Yes,On hold,ON_HOLD,NEW,-1
Taqueria Monarca,03/19/2023,0014W00003CNApAQAX,a96423ae-0256-4ba7-af08-ea0fe307221d,$0,$209.00,,,Completed,COMPLETED,NEW,17
The Tipsy Grape,03/19/2023,0014W00003CNB0RQAX,027259f8-d959-4953-aff9-fbc1f57fd96f,$828,"$1,326.00",,,Completed,COMPLETED,COMPLETED,1
elham halal cuisine,03/18/2023,0014W00003CNACYQA5,da198494-9013-434d-b750-f758745da0e3,$0,$310.81,,,On hold,ON_HOLD,NEW,-1
F’ing Fantastic Food LLC,03/18/2023,0014W00003CNAZ0QAP,b38a9ba6-bc75-48f3-b07a-a60534beee9a,$600,$436.20,,,Not started,NEW,NEW,-1
Medium Rare World LLC,03/18/2023,0014W00003CNA2JQAX,789ba41a-73bf-4368-a7ce-653a71dbb66f,$0,$0.00,,Yes,On hold,ON_HOLD,NEW,-1
Stella's BBQ Jerk,03/18/2023,0013c00001oUmbKAAS,635f36e4-8ece-4b8c-a147-81a8c8eed2d4,$300,$618.00,,,Completed,COMPLETED,NEW,10
Shannon’s specialty plates,03/18/2023,0014W00003CNAkKQAX,300b0b39-1b95-40cd-ac47-6e1b52174577,$0,$0.00,,,Not started,NEW,NEW,-1
Utopia entertainment group llc,03/17/2023,0014W00003CN9wVQAT,e440d0d7-3d98-41c1-95d3-773a6a2d2447,$0,$0.00,,Yes,In progress,IN_PROGRESS,NEW,-1
"Asadero Don vergas, LLC",03/17/2023,0014W00003CN8CKQA1,28db00a8-60a1-4d49-913f-ad01b803f7f2,$0,$190.80,,Yes,Completed,COMPLETED,COMPLETED,4
Jimmies Cafe,03/17/2023,001C000001hu9tRIAQ,ad98206f-f340-46ff-98ec-0f3476181c1c,$900,$318.00,Yes,,Completed,COMPLETED,COMPLETED,0
Fredhot’s,03/17/2023,0014W00003CN8JQQA1,4aeecf53-9ca3-4e27-a4fa-b18f6b5fb14d,$0,$0.00,,,Not started,NEW,NEW,-1
Lavender.Lime.cakefections,03/17/2023,0014W00003CN7ZdQAL,c71eb98a-8b3d-481a-beb5-0a53448c9351,$0,$0.00,,Yes,On hold,ON_HOLD,NEW,-1
Dey Vision Productions LLC,03/17/2023,0014W00003CN7lDQAT,41ee1d70-81db-488a-8566-df6001438f26,$360,$0.00,Yes,,Completed,COMPLETED,NEW,0
MF BIZ,03/17/2023,0014W00003CN8s7QAD,c3a8b19c-98e6-4916-aff0-e3ee182b2df5,$0,$190.80,,Yes,Completed,COMPLETED,NEW,11
MR. SABOR,03/17/2023,0014W00003CN9tqQAD,35cd0e2d-b2e5-4fca-b91b-f078f7dbaec0,$900,$119.40,,,Completed,COMPLETED,NEW,21
Gioia Mia,03/17/2023,0014W00003CN7y1QAD,43e4cb87-f73d-4739-8621-846b2c448a72,"$2,568","$1,573.80",,,Completed,COMPLETED,NEW,13
Mojo's Sausage Express,03/17/2023,0014W00003CN8P4QAL,51b9a716-ab99-49ab-b615-36ee7827fcf3,$0,$119.40,,,Completed,COMPLETED,NEW,12
Virtue Unique Divine Catering Co LLC,03/17/2023,0014W00003CN9BiQAL,aa1ca515-192b-4ea3-a71c-86862257a1ae,$0,$0.00,,,Not started,NEW,NEW,-1
Dog Dayz Cafe,03/17/2023,0014W00003CN807QAD,cf815d8e-7686-43ab-8379-9fbe395ed353,$0,$190.80,,,Not started,NEW,NEW,-1
